AREA_NAME,DISTRICT_NAME,LOCALE_NAME,ADDRESS,CITY,STATE,ZIP_CODE,LOG_REGION_NAME,LOG_DIVISION_NAME,PROC_REGION_NAME,PROC_DIVISION_NAME,Status,Incident_Type,Comment,LAST_EDITED_DATE,LAST_EDITED_USER,x,y
CENTRAL (J),MN-ND,ALAMO,24 MAIN ST,ALAMO,ND,58830,CENTRAL,MIDWEST,WESTERN,MIDWEST,OPEN,,,"5/9/2021, 11:04 AM",QQWFR0,-11518193.5373,6204194.033
CENTRAL (J),MN-ND,ADAMS,500 MAIN ST,ADAMS,ND,58210,CENTRAL,MIDWEST,WESTERN,MIDWEST,OPEN,,,"5/9/2021, 11:04 AM",QQWFR0,-10917641.1371,6177393.9045
CENTRAL (J),MN-ND,ABERCROMBIE,515 BROADWAY,ABERCROMBIE,ND,58001,CENTRAL,MIDWEST,WESTERN,MIDWEST,OPEN,,,"5/9/2021, 11:04 AM",QQWFR0,-10767812.227,5852418.988899998
CENTRAL (J),MN-ND,ALEXANDER,602 ELK ST,ALEXANDER,ND,58831,CENTRAL,MIDWEST,WESTERN,MIDWEST,OPEN,,,"12/19/2022, 10:27 AM",QQWFR0,-11537449.1375,6080763.317900002
CENTRAL (J),MN-ND,AMBROSE,203 MAIN ST,AMBROSE,ND,58833,CENTRAL,MIDWEST,WESTERN,MIDWEST,OPEN,,,"5/9/2021, 11:04 AM",QQWFR0,-11519612.1929,6267155.7080999985
CENTRAL (J),MN-ND,ANAMOOSE,602 MAIN ST,ANAMOOSE,ND,58710,CENTRAL,MIDWEST,WESTERN,MIDWEST,OPEN,,,"12/19/2022, 10:27 AM",QQWFR0,-11158763.8296,6087210.887599997
CENTRAL (J),MN-ND,ALMONT,206 MAIN ST,ALMONT,ND,58520,CENTRAL,MIDWEST,WESTERN,MIDWEST,OPEN,,,"5/9/2021, 11:04 AM",QQWFR0,-11299356.1163,5897575.6576000005
CENTRAL (J),MN-ND,ARNEGARD,110 MAIN ST S,ARNEGARD,ND,58835,CENTRAL,MIDWEST,WESTERN,MIDWEST,OPEN,,,"5/9/2021, 11:04 AM",QQWFR0,-11514904.8256,6075068.574900001
CENTRAL (J),MN-ND,AMIDON,108 INMAN ST,AMIDON,ND,58620,CENTRAL,MIDWEST,WESTERN,MIDWEST,OPEN,,,"5/9/2021, 11:04 AM",QQWFR0,-11501573.2034,5858053.865999997
CENTRAL (J),MN-ND,ASHLEY,110 E MAIN ST,ASHLEY,ND,58413,CENTRAL,MIDWEST,WESTERN,MIDWEST,OPEN,,,"5/9/2021, 11:04 AM",QQWFR0,-11061951.2722,5785912.4661
CENTRAL (J),MN-ND,ANTLER,115 MAIN ST,ANTLER,ND,58711,CENTRAL,MIDWEST,WESTERN,MIDWEST,OPEN,,,"12/19/2022, 10:27 AM",QQWFR0,-11274760.4088,6269740.3342999965
CENTRAL (J),MN-ND,ARTHUR,330 MAIN ST,ARTHUR,ND,58006,CENTRAL,MIDWEST,WESTERN,MIDWEST,OPEN,,,"12/15/2022, 1:55 AM",QQWFR0,-10822241.1127,5959019.952399999
CENTRAL (J),MN-ND,BALDWIN,20101 26TH ST NE,BALDWIN,ND,58521,CENTRAL,MIDWEST,WESTERN,MIDWEST,OPEN,,,"11/16/2022, 7:58 PM",QQWFR0,-11215351.4229,5946422.993100002
CENTRAL (J),MN-ND,BELCOURT,1 EXPRESS LN,BELCOURT,ND,58316,CENTRAL,MIDWEST,WESTERN,MIDWEST,OPEN,,,"5/9/2021, 11:04 AM",QQWFR0,-11104234.6449,6247568.1423999965
CENTRAL (J),MN-ND,BELFIELD,105 1ST AVE NW,BELFIELD,ND,58622,CENTRAL,MIDWEST,WESTERN,MIDWEST,OPEN,,,"5/9/2021, 11:04 AM",QQWFR0,-11488205.6249,5923412.072400004
CENTRAL (J),MN-ND,BUTTE,301 MAIN ST E,BUTTE,ND,58723,CENTRAL,MIDWEST,WESTERN,MIDWEST,OPEN,,,"5/9/2021, 11:05 AM",QQWFR0,-11206098.7695,6080085.143100001
CENTRAL (J),MN-ND,BUFFALO,305 MAIN ST,BUFFALO,ND,58011,CENTRAL,MIDWEST,WESTERN,MIDWEST,OPEN,,,"12/15/2022, 1:55 AM",QQWFR0,-10859212.9873,5928989.127400003
CENTRAL (J),MN-ND,BUCHANAN,301 MAIN ST,BUCHANAN,ND,58420,CENTRAL,MIDWEST,WESTERN,MIDWEST,OPEN,,,"2/24/2023, 11:11 PM",QQWFR0,-11001558.556,5952433.615500003
CENTRAL (J),MN-ND,BROCKET,211 MAIN ST E,BROCKET,ND,58321,CENTRAL,MIDWEST,WESTERN,MIDWEST,OPEN,,,"5/9/2021, 11:05 AM",QQWFR0,-10948717.4201,6142388.439099997
CENTRAL (J),MN-ND,BURLINGTON,129 COLTON AVE,BURLINGTON,ND,58722,CENTRAL,MIDWEST,WESTERN,MIDWEST,OPEN,,,"5/9/2021, 11:05 AM",QQWFR0,-11291076.9518,6152773.748499997
CENTRAL (J),MN-ND,BUXTON,309 BROADWAY,BUXTON,ND,58218,CENTRAL,MIDWEST,WESTERN,MIDWEST,OPEN,,,"2/24/2023, 11:11 PM",QQWFR0,-10808859.3968,6040810.0383
CENTRAL (J),MN-ND,BOWBELLS,107 MAIN ST NE,BOWBELLS,ND,58721,CENTRAL,MIDWEST,WESTERN,MIDWEST,OPEN,,,"12/28/2022, 9:49 AM",QQWFR0,-11381934.1391,6241510.454700001
CENTRAL (J),MN-ND,CANDO,403 5TH AVE,CANDO,ND,58324,CENTRAL,MIDWEST,WESTERN,MIDWEST,OPEN,,,"5/9/2021, 11:05 AM",QQWFR0,-11043271.8616,6188887.944700003
CENTRAL (J),MN-ND,BERTHOLD,204 MAIN ST N,BERTHOLD,ND,58718,CENTRAL,MIDWEST,WESTERN,MIDWEST,OPEN,,,"5/9/2021, 11:04 AM",QQWFR0,-11325246.8558,6159368.376999997
CENTRAL (J),MN-ND,BOWMAN,17 1ST AVE SE,BOWMAN,ND,58623,CENTRAL,MIDWEST,WESTERN,MIDWEST,OPEN,,,"12/16/2022, 9:39 AM",QQWFR0,-11509676.4335,5809469.052299999
CENTRAL (J),MN-ND,GARRISON,33 1ST AVE NW,GARRISON,ND,58540,CENTRAL,MIDWEST,WESTERN,MIDWEST,OPEN,,,"5/9/2021, 11:06 AM",QQWFR0,-11289872.8089,6049263.968599997
CENTRAL (J),MN-ND,COGSWELL,299 4TH AVE,COGSWELL,ND,58017,CENTRAL,MIDWEST,WESTERN,MIDWEST,OPEN,,,"2/24/2023, 11:11 PM",QQWFR0,-10885018.2924,5797506.555100001
CENTRAL (J),MN-ND,EMERADO,202 MAIN ST,EMERADO,ND,58228,CENTRAL,MIDWEST,WESTERN,MIDWEST,OPEN,,,"5/30/2021, 11:05 AM",QQWFR0,-10839235.2575,6093095.885799997
CENTRAL (J),MN-ND,CAVALIER,306 MAIN ST W,CAVALIER,ND,58220,CENTRAL,MIDWEST,WESTERN,MIDWEST,OPEN,,,"5/9/2021, 11:05 AM",QQWFR0,-10867720.1341,6240011.959700003
WESTPAC (E),ID-MT-OR,CARTWRIGHT,204 MAIN ST,CARTWRIGHT,ND,58838,WESTPAC,PACIFIC NORTHWEST,WESTERN,PACIFIC NORTHWEST,OPEN,,,"5/9/2021, 11:05 AM",QQWFR0,-11568927.2839,6083398.241700001
CENTRAL (J),MN-ND,COLEHARBOR,123 MAIN ST,COLEHARBOR,ND,58531,CENTRAL,MIDWEST,WESTERN,MIDWEST,OPEN,,,"12/19/2022, 10:27 AM",QQWFR0,-11268050.7378,6031146.2744999975
CENTRAL (J),MN-ND,DRAYTON,202 S MAIN ST,DRAYTON,ND,58225,CENTRAL,MIDWEST,WESTERN,MIDWEST,OPEN,,,"5/9/2021, 11:06 AM",QQWFR0,-10817802.916,6200556.463399999
CENTRAL (J),MN-ND,DAVENPORT,50 1ST AVE,DAVENPORT,ND,58021,CENTRAL,MIDWEST,WESTERN,MIDWEST,OPEN,,,"12/15/2022, 1:55 AM",QQWFR0,-10805792.7674,5895143.619400002
CENTRAL (J),MN-ND,DAZEY,411 4TH AVE,DAZEY,ND,58429,CENTRAL,MIDWEST,WESTERN,MIDWEST,OPEN,,,"5/9/2021, 11:05 AM",QQWFR0,-10932082.726,5973230.532499999
CENTRAL (J),MN-ND,ENDERLIN,309 RAILWAY ST,ENDERLIN,ND,58027,CENTRAL,MIDWEST,WESTERN,MIDWEST,OPEN,,,"2/24/2023, 11:11 PM",QQWFR0,-10864958.9655,5880991.6664
CENTRAL (J),MN-ND,ELLENDALE,111 1ST ST N,ELLENDALE,ND,58436,CENTRAL,MIDWEST,WESTERN,MIDWEST,OPEN,,,"2/24/2023, 11:11 PM",QQWFR0,-10967936.5076,5780790.561700001
CENTRAL (J),MN-ND,DUNSEITH,100 PEACE GARDEN AVE E,DUNSEITH,ND,58329,CENTRAL,MIDWEST,WESTERN,MIDWEST,OPEN,,,"5/9/2021, 11:06 AM",QQWFR0,-11138860.9065,6243153.0704
CENTRAL (J),MN-ND,CROSBY,202 N MAIN ST,CROSBY,ND,58730,CENTRAL,MIDWEST,WESTERN,MIDWEST,OPEN,,,"5/9/2021, 11:05 AM",QQWFR0,-11498711.1793,6260298.679700002
CENTRAL (J),MN-ND,BINFORD,215 WHINERY ST,BINFORD,ND,58416,CENTRAL,MIDWEST,WESTERN,MIDWEST,OPEN,,,"5/9/2021, 11:04 AM",QQWFR0,-10947837.2169,6034140.377499998
CENTRAL (J),MN-ND,BENEDICT,205 MAIN ST,BENEDICT,ND,58716,CENTRAL,MIDWEST,WESTERN,MIDWEST,OPEN,,,"5/9/2021, 11:04 AM",QQWFR0,-11252572.7645,6078772.896399997
CENTRAL (J),MN-ND,CARRINGTON,87 9TH AVE N,CARRINGTON,ND,58421,CENTRAL,MIDWEST,WESTERN,MIDWEST,OPEN,,,"5/9/2021, 11:05 AM",QQWFR0,-11034567.1227,6015888.385799997
CENTRAL (J),MN-ND,COLFAX,206 MAIN AVE,COLFAX,ND,58018,CENTRAL,MIDWEST,WESTERN,MIDWEST,OPEN,,,"12/16/2022, 9:39 AM",QQWFR0,-10784102.4986,5856098.397500001
CENTRAL (J),MN-ND,CARSON,217 N MAIN ST,CARSON,ND,58529,CENTRAL,MIDWEST,WESTERN,MIDWEST,OPEN,,,"5/9/2021, 11:05 AM",QQWFR0,-11306139.2582,5848120.510700002
CENTRAL (J),MN-ND,COLUMBUS,206 MAIN ST,COLUMBUS,ND,58727,CENTRAL,MIDWEST,WESTERN,MIDWEST,OPEN,,,"5/9/2021, 11:05 AM",QQWFR0,-11441455.335,6258402.433799997
CENTRAL (J),MN-ND,CARPIO,520 MAIN ST,CARPIO,ND,58725,CENTRAL,MIDWEST,WESTERN,MIDWEST,OPEN,,,"5/9/2021, 11:05 AM",QQWFR0,-11322832.3951,6181083.011200003
CENTRAL (J),MN-ND,CLEVELAND,420 5TH AVE N,CLEVELAND,ND,58424,CENTRAL,MIDWEST,WESTERN,MIDWEST,OPEN,,,"12/19/2022, 10:27 AM",QQWFR0,-11034081.9924,5924322.438699998
CENTRAL (J),MN-ND,FORT YATES,110 S RIVER RD,FORT YATES,ND,58538,CENTRAL,MIDWEST,WESTERN,MIDWEST,OPEN,,,"12/28/2022, 9:49 AM",QQWFR0,-11201808.2937,5794426.079000004
CENTRAL (J),MN-ND,CHRISTINE,209 MAINE ST,CHRISTINE,ND,58015,CENTRAL,MIDWEST,WESTERN,MIDWEST,OPEN,,,"5/9/2021, 11:05 AM",QQWFR0,-10776322.2681,5872959.584700003
CENTRAL (J),MN-ND,EDINBURG,250 MAIN AVE,EDINBURG,ND,58227,CENTRAL,MIDWEST,WESTERN,MIDWEST,OPEN,,,"5/9/2021, 11:06 AM",QQWFR0,-10894190.9071,6189677.768299997
CENTRAL (J),MN-ND,GLADSTONE,114 5TH AVE,GLADSTONE,ND,58630,CENTRAL,MIDWEST,WESTERN,MIDWEST,OPEN,,,"12/19/2022, 10:27 AM",QQWFR0,-11417961.6904,5919355.588500001
CENTRAL (J),MN-ND,FAIRMOUNT,202 MAIN AVE,FAIRMOUNT,ND,58030,CENTRAL,MIDWEST,WESTERN,MIDWEST,OPEN,,,"5/9/2021, 11:06 AM",QQWFR0,-10753836.5102,5789206.854699999
CENTRAL (J),MN-ND,GLENBURN,205 MAIN ST,GLENBURN,ND,58740,CENTRAL,MIDWEST,WESTERN,MIDWEST,OPEN,,,"5/9/2021, 11:06 AM",QQWFR0,-11267968.584,6192604.045999996
CENTRAL (J),MN-ND,FORT TOTTEN,816 3RD AVE N,FORT TOTTEN,ND,58335,CENTRAL,MIDWEST,WESTERN,MIDWEST,OPEN,,,"12/19/2022, 10:27 AM",QQWFR0,-11019947.534,6104319.6499999985
CENTRAL (J),MN-ND,GLENFIELD,161 GLENFIELD ST,GLENFIELD,ND,58443,CENTRAL,MIDWEST,WESTERN,MIDWEST,OPEN,,,"5/9/2021, 11:06 AM",QQWFR0,-10972441.0508,6016459.629000001
CENTRAL (J),MN-ND,GOLDEN VALLEY,13 MAIN ST W,GOLDEN VALLEY,ND,58541,CENTRAL,MIDWEST,WESTERN,MIDWEST,OPEN,,,"12/28/2022, 9:49 AM",QQWFR0,-11361816.3694,5989489.843000002
CENTRAL (J),MN-ND,GLEN ULLIN,115 S MAIN ST,GLEN ULLIN,ND,58631,CENTRAL,MIDWEST,WESTERN,MIDWEST,OPEN,,,"5/9/2021, 11:06 AM",QQWFR0,-11335716.5129,5911989.8178
CENTRAL (J),MN-ND,EDGELEY,511 MAIN ST,EDGELEY,ND,58433,CENTRAL,MIDWEST,WESTERN,MIDWEST,OPEN,,,"5/9/2021, 11:06 AM",QQWFR0,-10988536.068,5838273.678499997
CENTRAL (J),MN-ND,FULLERTON,109 N MONROE ST,FULLERTON,ND,58441,CENTRAL,MIDWEST,WESTERN,MIDWEST,OPEN,,,"12/19/2022, 10:27 AM",QQWFR0,-10956859.5503,5806549.8169
CENTRAL (J),MN-ND,FARGO,657 2ND AVE N RM 104,FARGO,ND,58102,CENTRAL,MIDWEST,WESTERN,MIDWEST,OPEN,,,"5/9/2021, 11:06 AM",QQWFR0,-10774632.2156,5922272.9859
CENTRAL (J),MN-ND,BISMARCK DOWNTOWN,220 E ROSSER AVE RM 112,BISMARCK,ND,58501,CENTRAL,MIDWEST,WESTERN,MIDWEST,OPEN,,,"11/7/2021, 11:04 AM",QQWFR0,-11219692.1038,5910956.961099997
CENTRAL (J),MN-ND,ELGIN,213 N MAIN ST,ELGIN,ND,58533,CENTRAL,MIDWEST,WESTERN,MIDWEST,OPEN,,,"5/9/2021, 11:06 AM",QQWFR0,-11337344.5605,5845284.167000003
CENTRAL (J),MN-ND,DRAKE,115 MAIN ST,DRAKE,ND,58736,CENTRAL,MIDWEST,WESTERN,MIDWEST,OPEN,,,"12/19/2022, 10:27 AM",QQWFR0,-11173400.0049,6094008.809199996
CENTRAL (J),MN-ND,GACKLE,202 MAIN ST,GACKLE,ND,58442,CENTRAL,MIDWEST,WESTERN,MIDWEST,OPEN,,,"5/9/2021, 11:06 AM",QQWFR0,-11036469.3502,5881594.174500003
CENTRAL (J),MN-ND,GALESBURG,102 DAKOTA AVE E,GALESBURG,ND,58035,CENTRAL,MIDWEST,WESTERN,MIDWEST,OPEN,,,"5/9/2021, 11:06 AM",QQWFR0,-10843413.7459,5986261.269100003
CENTRAL (J),MN-ND,FAIRDALE,209 MAIN ST,FAIRDALE,ND,58229,CENTRAL,MIDWEST,WESTERN,MIDWEST,OPEN,,,"12/15/2022, 1:55 AM",QQWFR0,-10935091.4692,6188574.689599998
CENTRAL (J),MN-ND,COOPERSTOWN,608 8TH ST NW,COOPERSTOWN,ND,58425,CENTRAL,MIDWEST,WESTERN,MIDWEST,OPEN,,,"5/9/2021, 11:05 AM",QQWFR0,-10923297.6144,6015080.643200003
CENTRAL (J),MN-ND,CRYSTAL,332 3RD ST,CRYSTAL,ND,58222,CENTRAL,MIDWEST,WESTERN,MIDWEST,OPEN,,,"12/16/2022, 9:39 AM",QQWFR0,-10872719.4924,6206684.129600003
CENTRAL (J),MN-ND,CASSELTON,840 FRONT ST,CASSELTON,ND,58012,CENTRAL,MIDWEST,WESTERN,MIDWEST,OPEN,,,"2/24/2023, 11:11 PM",QQWFR0,-10821193.2822,5925859.034500003
CENTRAL (J),MN-ND,FORTUNA,190 N MAIN ST,FORTUNA,ND,58844,CENTRAL,MIDWEST,WESTERN,MIDWEST,OPEN,,,"5/9/2021, 11:06 AM",QQWFR0,-11552319.4178,6259870.987999998
CENTRAL (J),MN-ND,GOLVA,405 TERRELL AVE,GOLVA,ND,58632,CENTRAL,MIDWEST,WESTERN,MIDWEST,OPEN,,,"5/9/2021, 11:06 AM",QQWFR0,-11575500.8112,5898986.510200001
CENTRAL (J),MN-ND,DODGE,105 CENTRAL AVE,DODGE,ND,58625,CENTRAL,MIDWEST,WESTERN,MIDWEST,CLOSED,Other,"Retail Operations and P.O. Box mail have been moved to Halliday PO, 113 E. Main St Halliday, ND  58636.","11/3/2023, 3:30 PM",QQWFR0,-11377115.8976,5991936.029600002
CENTRAL (J),MN-ND,KENSAL,402 MAIN,KENSAL,ND,58455,CENTRAL,MIDWEST,WESTERN,MIDWEST,OPEN,,,"12/19/2022, 10:27 AM",QQWFR0,-10990944.9105,5991184.192500003
CENTRAL (J),MN-ND,HUNTER,107 MAIN ST,HUNTER,ND,58048,CENTRAL,MIDWEST,WESTERN,MIDWEST,OPEN,,,"12/15/2022, 1:55 AM",QQWFR0,-10822162.6325,5973035.272500001
CENTRAL (J),MN-ND,FESSENDEN,82 MAIN AVE S,FESSENDEN,ND,58438,CENTRAL,MIDWEST,WESTERN,MIDWEST,OPEN,,,"5/9/2021, 11:06 AM",QQWFR0,-11090721.0154,6048554.889399998
CENTRAL (J),MN-ND,HAGUE,215 MAIN AVE W,HAGUE,ND,58542,CENTRAL,MIDWEST,WESTERN,MIDWEST,OPEN,,,"5/9/2021, 11:07 AM",QQWFR0,-11131624.917,5785008.772200003
CENTRAL (J),MN-ND,FORDVILLE,104 MAIN ST N,FORDVILLE,ND,58231,CENTRAL,MIDWEST,WESTERN,MIDWEST,OPEN,,,"5/9/2021, 11:06 AM",QQWFR0,-10885985.3248,6142975.493100002
CENTRAL (J),MN-ND,HATTON,611 RAILROAD AVE E,HATTON,ND,58240,CENTRAL,MIDWEST,WESTERN,MIDWEST,OPEN,,,"5/9/2021, 11:07 AM",QQWFR0,-10849100.1682,6046851.916100003
CENTRAL (J),MN-ND,GWINNER,21 S MAIN ST,GWINNER,ND,58040,CENTRAL,MIDWEST,WESTERN,MIDWEST,OPEN,,,"5/9/2021, 11:06 AM",QQWFR0,-10871695.3531,5816468.130000003
CENTRAL (J),MN-ND,FOREST RIVER,106 FRONT ST,FOREST RIVER,ND,58233,CENTRAL,MIDWEST,WESTERN,MIDWEST,OPEN,,,"12/15/2022, 1:55 AM",QQWFR0,-10850204.2349,6142397.961300001
CENTRAL (J),MN-ND,ERIE,406 MAIN AVE,ERIE,ND,58029,CENTRAL,MIDWEST,WESTERN,MIDWEST,OPEN,,,"12/15/2022, 1:55 AM",QQWFR0,-10841214.2954,5960849.048
CENTRAL (J),MN-ND,HANKINSON,345 MAIN AVE S,HANKINSON,ND,58041,CENTRAL,MIDWEST,WESTERN,MIDWEST,OPEN,,,"5/9/2021, 11:07 AM",QQWFR0,-10787055.3594,5791562.160899997
CENTRAL (J),MN-ND,GRANVILLE,106 1ST ST SW,GRANVILLE,ND,58741,CENTRAL,MIDWEST,WESTERN,MIDWEST,OPEN,,,"5/9/2021, 11:06 AM",QQWFR0,-11225869.6677,6151509.867399998
CENTRAL (J),MN-ND,LAWTON,123 MAIN ST,LAWTON,ND,58345,CENTRAL,MIDWEST,WESTERN,MIDWEST,OPEN,,,"12/19/2022, 10:27 AM",QQWFR0,-10950289.0287,6157370.921499997
CENTRAL (J),MN-ND,GRASSY BUTTE,409 MAIN ST,GRASSY BUTTE,ND,58634,CENTRAL,MIDWEST,WESTERN,MIDWEST,OPEN,,,"5/9/2021, 11:06 AM",QQWFR0,-11493529.8136,6006686.194600001
CENTRAL (J),MN-ND,FORBES,2 N MAIN ST,FORBES,ND,58439,CENTRAL,MIDWEST,WESTERN,MIDWEST,OPEN,,,"12/19/2022, 10:27 AM",QQWFR0,-10996357.0415,5771405.3320999965
CENTRAL (J),MN-ND,HILLSBORO,16 1ST ST NW,HILLSBORO,ND,58045,CENTRAL,MIDWEST,WESTERN,MIDWEST,OPEN,,,"5/9/2021, 11:07 AM",QQWFR0,-10804960.2089,6008258.578199998
CENTRAL (J),MN-ND,HEBRON,111 S PARK ST,HEBRON,ND,58638,CENTRAL,MIDWEST,WESTERN,MIDWEST,OPEN,,,"5/9/2021, 11:07 AM",QQWFR0,-11359634.8413,5925807.667999998
CENTRAL (J),MN-ND,GRENORA,101 MAIN ST,GRENORA,ND,58845,CENTRAL,MIDWEST,WESTERN,MIDWEST,OPEN,,,"5/9/2021, 11:06 AM",QQWFR0,-11570292.2835,6210255.112899996
CENTRAL (J),MN-ND,FLASHER,107 N MAIN ST,FLASHER,ND,58535,CENTRAL,MIDWEST,WESTERN,MIDWEST,OPEN,,,"12/28/2022, 9:49 AM",QQWFR0,-11269067.1961,5853351.582900003
CENTRAL (J),MN-ND,HAZEN,13 1ST AVE SW,HAZEN,ND,58545,CENTRAL,MIDWEST,WESTERN,MIDWEST,OPEN,,,"11/16/2022, 7:58 PM",QQWFR0,-11312845.8122,5990166.5254999995
CENTRAL (J),MN-ND,ESMOND,117 1ST AVE N,ESMOND,ND,58332,CENTRAL,MIDWEST,WESTERN,MIDWEST,OPEN,,,"12/19/2022, 10:27 AM",QQWFR0,-11105535.8585,6112621.463799998
CENTRAL (J),MN-ND,DES LACS,130 MAIN ST S,DES LACS,ND,58733,CENTRAL,MIDWEST,WESTERN,MIDWEST,OPEN,,,"5/9/2021, 11:06 AM",QQWFR0,-11306079.0343,6149843.2082
CENTRAL (J),MN-ND,HAZELTON,345 MAIN ST,HAZELTON,ND,58544,CENTRAL,MIDWEST,WESTERN,MIDWEST,OPEN,,,"12/19/2022, 10:27 AM",QQWFR0,-11162847.3625,5858406.145499997
CENTRAL (J),MN-ND,HETTINGER,502 ADAMS AVE,HETTINGER,ND,58639,CENTRAL,MIDWEST,WESTERN,MIDWEST,OPEN,,,"11/16/2022, 7:58 PM",QQWFR0,-11425432.898,5780581.747100003
CENTRAL (J),MN-ND,HURDSFIELD,103 MAIN ST W,HURDSFIELD,ND,58451,CENTRAL,MIDWEST,WESTERN,MIDWEST,OPEN,,,"12/19/2022, 10:27 AM",QQWFR0,-11123966.8039,6015562.942299999
CENTRAL (J),MN-ND,HORACE,91 MAIN ST N,HORACE,ND,58047,CENTRAL,MIDWEST,WESTERN,MIDWEST,OPEN,,,"5/30/2021, 11:05 AM",QQWFR0,-10787368.1672,5903360.346900001
CENTRAL (J),MN-ND,GRACE CITY,128 CITY ST,GRACE CITY,ND,58445,CENTRAL,MIDWEST,WESTERN,MIDWEST,OPEN,,,"12/19/2022, 10:27 AM",QQWFR0,-10998817.5362,6032600.395300001
CENTRAL (J),MN-ND,FINLEY,207 4TH ST W,FINLEY,ND,58230,CENTRAL,MIDWEST,WESTERN,MIDWEST,OPEN,,,"5/9/2021, 11:06 AM",QQWFR0,-10891224.1314,6026054.738799997
CENTRAL (J),MN-ND,FINGAL,406 3RD ST,FINGAL,ND,58031,CENTRAL,MIDWEST,WESTERN,MIDWEST,OPEN,,,"2/24/2023, 11:11 PM",QQWFR0,-10886190.3753,5903429.248899996
CENTRAL (J),MN-ND,GILBY,209 MAIN AVE,GILBY,ND,58235,CENTRAL,MIDWEST,WESTERN,MIDWEST,OPEN,,,"5/9/2021, 11:06 AM",QQWFR0,-10850230.6176,6120831.837899998
CENTRAL (J),MN-ND,HOPE,206 STEELE AVE,HOPE,ND,58046,CENTRAL,MIDWEST,WESTERN,MIDWEST,OPEN,,,"5/9/2021, 11:07 AM",QQWFR0,-10878406.9165,5994803.129500002
CENTRAL (J),MN-ND,HANNAFORD,286 BRIDGE AVE,HANNAFORD,ND,58448,CENTRAL,MIDWEST,WESTERN,MIDWEST,OPEN,,,"5/9/2021, 11:07 AM",QQWFR0,-10930140.5348,5993347.131200001
CENTRAL (J),MN-ND,HOOPLE,236 2ND ST,HOOPLE,ND,58243,CENTRAL,MIDWEST,WESTERN,MIDWEST,OPEN,,,"12/15/2022, 1:55 AM",QQWFR0,-10868941.4202,6196310.674199998
CENTRAL (J),MN-ND,HARWOOD,521 DAKOTA AVE,HARWOOD,ND,58042,CENTRAL,MIDWEST,WESTERN,MIDWEST,OPEN,,,"12/15/2022, 1:55 AM",QQWFR0,-10785657.4092,5938442.409400001
CENTRAL (J),MN-ND,EPPING,109 MAIN AVE,EPPING,ND,58843,CENTRAL,MIDWEST,WESTERN,MIDWEST,OPEN,,,"5/9/2021, 11:06 AM",QQWFR0,-11505709.279,6153686.026500002
CENTRAL (J),IA-NE-SD,HAVANA,112 SARGENT AVE W,HAVANA,ND,58043,CENTRAL,MIDWEST,WESTERN,MIDWEST,OPEN,,,"12/28/2022, 9:00 AM",QQWFR0,-10866937.5581,5772380.6492
CENTRAL (J),MN-ND,MAPLETON,651 2ND ST,MAPLETON,ND,58059,CENTRAL,MIDWEST,WESTERN,MIDWEST,OPEN,,,"5/9/2021, 11:08 AM",QQWFR0,-10803789.2392,5924023.207800001
CENTRAL (J),MN-ND,MAX,211 MAIN ST,MAX,ND,58759,CENTRAL,MIDWEST,WESTERN,MIDWEST,OPEN,,,"11/16/2022, 7:58 PM",QQWFR0,-11276003.0683,6077212.324500002
CENTRAL (J),MN-ND,JUD,524 LOGIE ST,JUD,ND,58454,CENTRAL,MIDWEST,WESTERN,MIDWEST,OPEN,,,"12/19/2022, 10:27 AM",QQWFR0,-11009207.0956,5864902.483800001
CENTRAL (J),MN-ND,KRAMER,175 MAIN ST,KRAMER,ND,58748,CENTRAL,MIDWEST,WESTERN,MIDWEST,OPEN,,,"12/19/2022, 10:27 AM",QQWFR0,-11210657.5253,6222515.380800001
CENTRAL (J),MN-ND,NEW LEIPZIG,115 MAIN AVE,NEW LEIPZIG,ND,58562,CENTRAL,MIDWEST,WESTERN,MIDWEST,OPEN,,,"5/9/2021, 11:08 AM",QQWFR0,-11348800.004,5840565.4641999975
CENTRAL (J),MN-ND,LINTON,115 NW 1ST ST,LINTON,ND,58552,CENTRAL,MIDWEST,WESTERN,MIDWEST,OPEN,,,"5/9/2021, 11:07 AM",QQWFR0,-11158003.1835,5823359.206600003
CENTRAL (J),MN-ND,MCHENRY,322 JOHNSTON ST,MCHENRY,ND,58464,CENTRAL,MIDWEST,WESTERN,MIDWEST,OPEN,,,"12/19/2022, 10:27 AM",QQWFR0,-10975152.9049,6036707.294500001
CENTRAL (J),MN-ND,LEHR,200 MAIN ST S,LEHR,ND,58460,CENTRAL,MIDWEST,WESTERN,MIDWEST,OPEN,,,"5/9/2021, 11:07 AM",QQWFR0,-11059959.4325,5825667.575599998
CENTRAL (J),MN-ND,MICHIGAN,105 1ST ST E STE 4,MICHIGAN,ND,58259,CENTRAL,MIDWEST,WESTERN,MIDWEST,OPEN,,,"5/9/2021, 11:08 AM",QQWFR0,-10922922.4677,6110895.778499998
CENTRAL (J),MN-ND,LANKIN,301 MAIN ST,LANKIN,ND,58250,CENTRAL,MIDWEST,WESTERN,MIDWEST,OPEN,,,"5/9/2021, 11:07 AM",QQWFR0,-10900809.8527,6159202.917800002
CENTRAL (J),MN-ND,NOONAN,209 S MAIN ST,NOONAN,ND,58765,CENTRAL,MIDWEST,WESTERN,MIDWEST,OPEN,,,"5/9/2021, 11:08 AM",QQWFR0,-11466863.2295,6256151.235799998
CENTRAL (J),MN-ND,LEONARD,406 RAILROAD AVE S,LEONARD,ND,58052,CENTRAL,MIDWEST,WESTERN,MIDWEST,OPEN,,,"2/24/2023, 11:11 PM",QQWFR0,-10825340.6926,5885303.014300004
CENTRAL (J),MN-ND,MANDAREE,201 MAIN ST,MANDAREE,ND,58757,CENTRAL,MIDWEST,WESTERN,MIDWEST,OPEN,,,"12/19/2022, 10:27 AM",QQWFR0,-11429526.227,6061845.8904
CENTRAL (J),MN-ND,LANSFORD,706 MAIN ST,LANSFORD,ND,58750,CENTRAL,MIDWEST,WESTERN,MIDWEST,OPEN,,,"5/9/2021, 11:07 AM",QQWFR0,-11285152.8625,6212135.065099999
CENTRAL (J),MN-ND,LAKOTA,209 MAIN ST N,LAKOTA,ND,58344,CENTRAL,MIDWEST,WESTERN,MIDWEST,OPEN,,,"5/9/2021, 11:07 AM",QQWFR0,-10947631.7211,6113794.535499997
CENTRAL (J),MN-ND,KARLSRUHE,101 MAIN ST N,KARLSRUHE,ND,58744,CENTRAL,MIDWEST,WESTERN,MIDWEST,OPEN,,,"12/28/2022, 9:49 AM",QQWFR0,-11200849.3876,6122192.5264
CENTRAL (J),MN-ND,LANGDON,323 8TH AVE,LANGDON,ND,58249,CENTRAL,MIDWEST,WESTERN,MIDWEST,OPEN,,,"5/9/2021, 11:07 AM",QQWFR0,-10950437.3063,6234301.2808
CENTRAL (J),MN-ND,KILLDEER,48 CENTRAL AVE S,KILLDEER,ND,58640,CENTRAL,MIDWEST,WESTERN,MIDWEST,OPEN,,,"12/28/2022, 9:49 AM",QQWFR0,-11438224.2868,6002617.674999997
CENTRAL (J),MN-ND,MANVEL,502 OLDHAM AVE,MANVEL,ND,58256,CENTRAL,MIDWEST,WESTERN,MIDWEST,OPEN,,,"5/9/2021, 11:08 AM",QQWFR0,-10817694.1568,6119440.709399998
CENTRAL (J),MN-ND,GRAFTON,506 GRIGGS AVE,GRAFTON,ND,58237,CENTRAL,MIDWEST,WESTERN,MIDWEST,OPEN,,,"5/9/2021, 11:06 AM",QQWFR0,-10843882.9576,6176905.454099998
CENTRAL (J),MN-ND,MERCER,101 MAIN ST,MERCER,ND,58559,CENTRAL,MIDWEST,WESTERN,MIDWEST,OPEN,,,"12/19/2022, 10:27 AM",QQWFR0,-11211215.6812,6022350.899899997
CENTRAL (J),MN-ND,HAMILTON,402 PAGE AVE STE A,HAMILTON,ND,58238,CENTRAL,MIDWEST,WESTERN,MIDWEST,OPEN,,,"12/16/2022, 9:53 AM",QQWFR0,-10848007.6787,6242418.434699997
CENTRAL (J),MN-ND,LARIMORE,208 E FRONT ST,LARIMORE,ND,58251,CENTRAL,MIDWEST,WESTERN,MIDWEST,OPEN,,,"5/9/2021, 11:07 AM",QQWFR0,-10867194.2608,6090987.197499998
CENTRAL (J),MN-ND,KINDRED,472 ELM ST,KINDRED,ND,58051,CENTRAL,MIDWEST,WESTERN,MIDWEST,OPEN,,,"12/15/2022, 1:55 AM",QQWFR0,-10800040.6667,5884877.6543999985
CENTRAL (J),MN-ND,KENMARE,22 2ND ST NW,KENMARE,ND,58746,CENTRAL,MIDWEST,WESTERN,MIDWEST,OPEN,,,"5/9/2021, 11:07 AM",QQWFR0,-11363890.1402,6219511.532499999
CENTRAL (J),MN-ND,PARK RIVER,309 BRIGGS AVE S,PARK RIVER,ND,58270,CENTRAL,MIDWEST,WESTERN,MIDWEST,OPEN,,,"5/9/2021, 11:09 AM",QQWFR0,-10880744.1806,6172915.030500002
CENTRAL (J),MN-ND,PORTLAND,629 PARKE AVE,PORTLAND,ND,58274,CENTRAL,MIDWEST,WESTERN,MIDWEST,OPEN,,,"5/9/2021, 11:09 AM",QQWFR0,-10839304.053,6023792.1734
CENTRAL (J),MN-ND,NECHE,434 MAIN AVE,NECHE,ND,58265,CENTRAL,MIDWEST,WESTERN,MIDWEST,OPEN,,,"5/9/2021, 11:08 AM",QQWFR0,-10859263.415,6271885.916500002
CENTRAL (J),MN-ND,SAINT JOHN,101 FOUSSARD AVE SE,SAINT JOHN,ND,58369,CENTRAL,MIDWEST,WESTERN,MIDWEST,OPEN,,,"12/19/2022, 10:27 AM",QQWFR0,-11099739.5639,6265425.209600002
CENTRAL (J),MN-ND,NAPOLEON,104 BROADWAY,NAPOLEON,ND,58561,CENTRAL,MIDWEST,WESTERN,MIDWEST,OPEN,,,"5/9/2021, 11:08 AM",QQWFR0,-11106211.3451,5861072.545599997
CENTRAL (J),MN-ND,NEW SALEM,110 N 4TH ST,NEW SALEM,ND,58563,CENTRAL,MIDWEST,WESTERN,MIDWEST,OPEN,,,"5/9/2021, 11:08 AM",QQWFR0,-11289088.1178,5916574.571099997
CENTRAL (J),MN-ND,MOORETON,105 MOORETON AVE S,MOORETON,ND,58061,CENTRAL,MIDWEST,WESTERN,MIDWEST,OPEN,,,"2/24/2023, 11:11 PM",QQWFR0,-10784218.7161,5823417.3391999975
CENTRAL (J),MN-ND,LIGNITE,202 MAIN ST,LIGNITE,ND,58752,CENTRAL,MIDWEST,WESTERN,MIDWEST,OPEN,,,"5/9/2021, 11:07 AM",QQWFR0,-11417332.624,6254052.463200003
CENTRAL (J),MN-ND,NEW ROCKFORD,827 1ST AVE N,NEW ROCKFORD,ND,58356,CENTRAL,MIDWEST,WESTERN,MIDWEST,OPEN,,,"5/9/2021, 11:08 AM",QQWFR0,-11036148.4161,6053934.010899998
CENTRAL (J),MN-ND,NEWBURG,380 MAIN ST,NEWBURG,ND,58762,CENTRAL,MIDWEST,WESTERN,MIDWEST,OPEN,,,"12/19/2022, 10:27 AM",QQWFR0,-11233716.5786,6226586.3332
CENTRAL (J),MN-ND,PLAZA,10 E PLAZA ST,PLAZA,ND,58771,CENTRAL,MIDWEST,WESTERN,MIDWEST,OPEN,,,"5/9/2021, 11:09 AM",QQWFR0,-11349985.4452,6111073.208300002
CENTRAL (J),MN-ND,ORISKA,311 5TH ST,ORISKA,ND,58063,CENTRAL,MIDWEST,WESTERN,MIDWEST,OPEN,,,"2/24/2023, 11:11 PM",QQWFR0,-10886069.9276,5931108.136200003
CENTRAL (J),MN-ND,NOME,408 MAIN ST,NOME,ND,58062,CENTRAL,MIDWEST,WESTERN,MIDWEST,OPEN,,,"2/24/2023, 11:11 PM",QQWFR0,-10888279.2856,5889628.975699998
CENTRAL (J),MN-ND,MUNICH,410 MAIN ST,MUNICH,ND,58352,CENTRAL,MIDWEST,WESTERN,MIDWEST,OPEN,,,"12/19/2022, 10:27 AM",QQWFR0,-11002288.3666,6219161.748300001
CENTRAL (J),MN-ND,MOHALL,107 MAIN ST E,MOHALL,ND,58761,CENTRAL,MIDWEST,WESTERN,MIDWEST,OPEN,,,"5/9/2021, 11:08 AM",QQWFR0,-11300170.7524,6234865.150300004
CENTRAL (J),MN-ND,LISBON,17 4TH AVE W,LISBON,ND,58054,CENTRAL,MIDWEST,WESTERN,MIDWEST,OPEN,,,"5/9/2021, 11:07 AM",QQWFR0,-10873981.0762,5851514.602899998
CENTRAL (J),MN-ND,MARION,308 MAIN AVE,MARION,ND,58466,CENTRAL,MIDWEST,WESTERN,MIDWEST,OPEN,,,"5/9/2021, 11:08 AM",QQWFR0,-10946452.6251,5878155.231299996
CENTRAL (J),MN-ND,MANDAN,300 COLLINS AVE,MANDAN,ND,58554,CENTRAL,MIDWEST,WESTERN,MIDWEST,OPEN,,,"11/16/2022, 7:58 PM",QQWFR0,-11231016.6356,5914183.456900001
CENTRAL (J),MN-ND,LITCHVILLE,508 3RD AVE,LITCHVILLE,ND,58461,CENTRAL,MIDWEST,WESTERN,MIDWEST,OPEN,,,"5/9/2021, 11:07 AM",QQWFR0,-10930877.9151,5885688.499399997
CENTRAL (J),MN-ND,MEDORA,355 3RD AVE,MEDORA,ND,58645,CENTRAL,MIDWEST,WESTERN,MIDWEST,OPEN,,,"5/9/2021, 11:08 AM",QQWFR0,-11524180.1882,5928207.994999997
CENTRAL (J),MN-ND,PARSHALL,107 MAIN ST S,PARSHALL,ND,58770,CENTRAL,MIDWEST,WESTERN,MIDWEST,OPEN,,,"11/16/2022, 7:58 PM",QQWFR0,-11369474.0372,6098923.5847999975
CENTRAL (J),MN-ND,MINOT,117 5TH AVE SW,MINOT,ND,58701,CENTRAL,MIDWEST,WESTERN,MIDWEST,OPEN,,,"6/20/2021, 11:08 AM",QQWFR0,-11276126.2989,6145408.504600003
CENTRAL (J),MN-ND,MEKINOCK,150 MAIN ST,MEKINOCK,ND,58258,CENTRAL,MIDWEST,WESTERN,MIDWEST,OPEN,,,"5/9/2021, 11:08 AM",QQWFR0,-10838715.6181,6109110.699500002
CENTRAL (J),MN-ND,MILNOR,420 MAIN ST,MILNOR,ND,58060,CENTRAL,MIDWEST,WESTERN,MIDWEST,OPEN,,,"5/9/2021, 11:08 AM",QQWFR0,-10848683.1653,5821967.519400001
CENTRAL (J),MN-ND,MAKOTI,220 MAIN ST N,MAKOTI,ND,58756,CENTRAL,MIDWEST,WESTERN,MIDWEST,OPEN,,,"12/19/2022, 10:27 AM",QQWFR0,-11332874.3037,6100360.264600001
CENTRAL (J),MN-ND,MINNEWAUKAN,151 MAIN ST E,MINNEWAUKAN,ND,58351,CENTRAL,MIDWEST,WESTERN,MIDWEST,OPEN,,,"5/9/2021, 11:08 AM",QQWFR0,-11048565.4374,6118787.2951000035
CENTRAL (J),MN-ND,MCCLUSKY,220 MAIN ST S,MCCLUSKY,ND,58463,CENTRAL,MIDWEST,WESTERN,MIDWEST,OPEN,,,"5/9/2021, 11:08 AM",QQWFR0,-11181287.1022,6021460.191600002
CENTRAL (J),MN-ND,MINTO,221 HARVEY AVE,MINTO,ND,58261,CENTRAL,MIDWEST,WESTERN,MIDWEST,OPEN,,,"5/9/2021, 11:08 AM",QQWFR0,-10839388.7671,6155531.2870000005
CENTRAL (J),MN-ND,MADDOCK,202 CENTRAL AVE,MADDOCK,ND,58348,CENTRAL,MIDWEST,WESTERN,MIDWEST,OPEN,,,"12/28/2022, 9:49 AM",QQWFR0,-11079678.1219,6100448.3715
CENTRAL (J),MN-ND,MOFFIT,206 MAIN ST N,MOFFIT,ND,58560,CENTRAL,MIDWEST,WESTERN,MIDWEST,OPEN,,,"12/19/2022, 10:27 AM",QQWFR0,-11164799.6837,5889965.487300001
CENTRAL (J),MN-ND,NIAGARA,107 N 2ND ST,NIAGARA,ND,58266,CENTRAL,MIDWEST,WESTERN,MIDWEST,OPEN,,,"5/9/2021, 11:08 AM",QQWFR0,-10894841.013,6106385.3675
CENTRAL (J),MN-ND,PAGE,137 MORTON AVE,PAGE,ND,58064,CENTRAL,MIDWEST,WESTERN,MIDWEST,OPEN,,,"5/9/2021, 11:09 AM",QQWFR0,-10861560.0474,5968172.224100001
CENTRAL (J),MN-ND,PEKIN,223 MAIN ST N,PEKIN,ND,58361,CENTRAL,MIDWEST,WESTERN,MIDWEST,OPEN,,,"5/9/2021, 11:09 AM",QQWFR0,-10945826.6756,6072459.397699997
CENTRAL (J),MN-ND,RYDER,280 N MAIN ST,RYDER,ND,58779,CENTRAL,MIDWEST,WESTERN,MIDWEST,OPEN,,,"5/9/2021, 11:09 AM",QQWFR0,-11318230.6699,6093020.311499998
CENTRAL (J),MN-ND,OSNABROCK,326 BROADWAY,OSNABROCK,ND,58269,CENTRAL,MIDWEST,WESTERN,MIDWEST,OPEN,,,"12/15/2022, 1:55 AM",QQWFR0,-10925962.7143,6219000.936700001
CENTRAL (J),MN-ND,SCRANTON,205 2ND AVE N,SCRANTON,ND,58653,CENTRAL,MIDWEST,WESTERN,MIDWEST,OPEN,,,"12/28/2022, 9:49 AM",QQWFR0,-11482086.8378,5804146.652999997
CENTRAL (J),MN-ND,RUGBY,205 2ND ST SE,RUGBY,ND,58368,CENTRAL,MIDWEST,WESTERN,MIDWEST,OPEN,,,"5/9/2021, 11:09 AM",QQWFR0,-11131320.2355,6168419.069499999
CENTRAL (J),MN-ND,POWERS LAKE,207 MAIN ST,POWERS LAKE,ND,58773,CENTRAL,MIDWEST,WESTERN,MIDWEST,OPEN,,,"5/9/2021, 11:09 AM",QQWFR0,-11426624.0166,6200875.542300001
CENTRAL (J),MN-ND,ROLLA,119 1ST AVE SE,ROLLA,ND,58367,CENTRAL,MIDWEST,WESTERN,MIDWEST,OPEN,,,"5/9/2021, 11:09 AM",QQWFR0,-11088911.517,6250971.774800003
CENTRAL (J),MN-ND,ROCKLAKE,44 MAIN ST,ROCKLAKE,ND,58365,CENTRAL,MIDWEST,WESTERN,MIDWEST,OPEN,,,"12/19/2022, 10:27 AM",QQWFR0,-11047910.7675,6239469.207199998
CENTRAL (J),MN-ND,SAINT THOMAS,340 MAIN ST,SAINT THOMAS,ND,58276,CENTRAL,MIDWEST,WESTERN,MIDWEST,OPEN,,,"5/9/2021, 11:09 AM",QQWFR0,-10847942.1115,6210512.7544
CENTRAL (J),MN-ND,PEMBINA,554 W ROLETTE ST,PEMBINA,ND,58271,CENTRAL,MIDWEST,WESTERN,MIDWEST,OPEN,,,"5/9/2021, 11:09 AM",QQWFR0,-10825975.8817,6269859.886500001
CENTRAL (J),MN-ND,REEDER,204 MAIN ST,REEDER,ND,58649,CENTRAL,MIDWEST,WESTERN,MIDWEST,OPEN,,,"11/16/2022, 7:58 PM",QQWFR0,-11459774.8496,5797422.742399998
CENTRAL (J),MN-ND,PETTIBONE,107 N MAIN ST,PETTIBONE,ND,58475,CENTRAL,MIDWEST,WESTERN,MIDWEST,OPEN,,,"2/24/2023, 11:11 PM",QQWFR0,-11078482.1053,5961439.582999997
CENTRAL (J),MN-ND,ROLETTE,201 MAIN ST,ROLETTE,ND,58366,CENTRAL,MIDWEST,WESTERN,MIDWEST,OPEN,,,"5/9/2021, 11:09 AM",QQWFR0,-11114715.2637,6217543.320100002
CENTRAL (J),MN-ND,REYNOLDS,321 4TH AVE,REYNOLDS,ND,58275,CENTRAL,MIDWEST,WESTERN,MIDWEST,OPEN,,,"5/9/2021, 11:09 AM",QQWFR0,-10810040.1626,6052518.118699998
CENTRAL (J),MN-ND,PETERSBURG,214 5TH ST,PETERSBURG,ND,58272,CENTRAL,MIDWEST,WESTERN,MIDWEST,OPEN,,,"5/9/2021, 11:09 AM",QQWFR0,-10909456.2602,6108771.3999999985
CENTRAL (J),MN-ND,PISEK,68 LOVICK AVE,PISEK,ND,58273,CENTRAL,MIDWEST,WESTERN,MIDWEST,OPEN,,,"5/9/2021, 11:09 AM",QQWFR0,-10876828.0722,6158626.631800003
CENTRAL (J),MN-ND,REGENT,210 MAIN ST,REGENT,ND,58650,CENTRAL,MIDWEST,WESTERN,MIDWEST,OPEN,,,"5/9/2021, 11:09 AM",QQWFR0,-11416575.4288,5848184.458800003
CENTRAL (J),MN-ND,NEW TOWN,361 MAIN ST,NEW TOWN,ND,58763,CENTRAL,MIDWEST,WESTERN,MIDWEST,OPEN,,,"12/19/2022, 10:27 AM",QQWFR0,-11408599.3873,6103472.3156
CENTRAL (J),MN-ND,SPIRITWOOD,313 MAIN ST,SPIRITWOOD,ND,58481,CENTRAL,MIDWEST,WESTERN,MIDWEST,OPEN,,,"2/24/2023, 11:11 PM",QQWFR0,-10964477.1431,5931638.131700002
CENTRAL (J),MN-ND,SARLES,301 MAIN ST,SARLES,ND,58372,CENTRAL,MIDWEST,WESTERN,MIDWEST,OPEN,,,"5/9/2021, 11:09 AM",QQWFR0,-11020246.2042,6265556.226199999
CENTRAL (J),MN-ND,STREETER,107 FLORENCE ST N,STREETER,ND,58483,CENTRAL,MIDWEST,WESTERN,MIDWEST,OPEN,,,"5/9/2021, 11:10 AM",QQWFR0,-11060737.4445,5886358.3138
CENTRAL (J),MN-ND,STEELE,101 1ST AVE SE,STEELE,ND,58482,CENTRAL,MIDWEST,WESTERN,MIDWEST,OPEN,,,"5/9/2021, 11:10 AM",QQWFR0,-11122371.9296,5918348.069499999
CENTRAL (J),MN-ND,TIOGA,24 N MAIN ST,TIOGA,ND,58852,CENTRAL,MIDWEST,WESTERN,MIDWEST,OPEN,,,"5/9/2021, 11:10 AM",QQWFR0,-11459037.692,6173045.9692
CENTRAL (J),MN-ND,SOUTH HEART,401 RUDOLPH AVE NW,SOUTH HEART,ND,58655,CENTRAL,MIDWEST,WESTERN,MIDWEST,OPEN,,,"5/9/2021, 11:10 AM",QQWFR0,-11465038.4804,5920175.005800001
CENTRAL (J),MN-ND,STRASBURG,604 MAIN ST,STRASBURG,ND,58573,CENTRAL,MIDWEST,WESTERN,MIDWEST,OPEN,,,"12/19/2022, 10:27 AM",QQWFR0,-11149901.017,5801778.5185
CENTRAL (J),MN-ND,STANTON,119 HARMON AVE,STANTON,ND,58571,CENTRAL,MIDWEST,WESTERN,MIDWEST,PARTIAL,Safety Concerns,"Retail OPS will be suspended Friday, Jan. 6, 2023 due to water damage and asbestos abatement. All mail and services have been or will be moved to Hazen PO, 13 1ST Ave SW Hazen, ND 58545.","1/5/2023, 6:00 PM",QQWFR0,-11285948.1289,5994612.474600002
CENTRAL (J),MN-ND,TAPPEN,112 N MAIN,TAPPEN,ND,58487,CENTRAL,MIDWEST,WESTERN,MIDWEST,OPEN,,,"5/9/2021, 11:10 AM",QQWFR0,-11091389.4889,5921781.012900002
CENTRAL (J),MN-ND,SOLEN,202 N MAIN ST,SOLEN,ND,58570,CENTRAL,MIDWEST,WESTERN,MIDWEST,OPEN,,,"12/28/2022, 9:49 AM",QQWFR0,-11220646.3345,5842641.911399998
CENTRAL (J),MN-ND,STERLING,108 MAIN AVE,STERLING,ND,58572,CENTRAL,MIDWEST,WESTERN,MIDWEST,OPEN,,,"2/24/2023, 11:11 PM",QQWFR0,-11164299.3026,5911769.7359
CENTRAL (J),MN-ND,ROSS,203 MAIN ST,ROSS,ND,58776,CENTRAL,MIDWEST,WESTERN,MIDWEST,OPEN,,,"12/19/2022, 10:27 AM",QQWFR0,-11415156.8845,6159057.9639
CENTRAL (J),MN-ND,PRAIRIEWOOD,1455 32ND ST S,FARGO,ND,58103,CENTRAL,MIDWEST,WESTERN,MIDWEST,OPEN,,,"5/9/2021, 11:09 AM",QQWFR0,-10779216.9088,5918947.618000001
CENTRAL (J),MN-ND,RAY,6 MAIN ST,RAY,ND,58849,CENTRAL,MIDWEST,WESTERN,MIDWEST,OPEN,,,"5/9/2021, 11:09 AM",QQWFR0,-11484316.5672,6164051.4199
CENTRAL (J),MN-ND,RHAME,53 MAIN ST,RHAME,ND,58651,CENTRAL,MIDWEST,WESTERN,MIDWEST,OPEN,,,"12/28/2022, 9:49 AM",QQWFR0,-11538870.1308,5817765.288999997
CENTRAL (J),MN-ND,NORTHWOOD,4 N RAYMOND ST,NORTHWOOD,ND,58267,CENTRAL,MIDWEST,WESTERN,MIDWEST,OPEN,,,"5/9/2021, 11:08 AM",QQWFR0,-10861263.6036,6062776.028399996
CENTRAL (J),MN-ND,SHARON,307 MAIN ST,SHARON,ND,58277,CENTRAL,MIDWEST,WESTERN,MIDWEST,OPEN,,,"5/9/2021, 11:09 AM",QQWFR0,-10897729.3085,6040343.6630000025
CENTRAL (J),MN-ND,VERONA,212 4TH ST,VERONA,ND,58490,CENTRAL,MIDWEST,WESTERN,MIDWEST,OPEN,,,"5/9/2021, 11:10 AM",QQWFR0,-10917369.0723,5838974.895800002
CENTRAL (J),MN-ND,SAWYER,20 MAIN ST S,SAWYER,ND,58781,CENTRAL,MIDWEST,WESTERN,MIDWEST,OPEN,,,"12/19/2022, 10:27 AM",QQWFR0,-11249274.034,6121768.5484
CENTRAL (J),MN-ND,SHEYENNE,106 RICHTER AVE,SHEYENNE,ND,58374,CENTRAL,MIDWEST,WESTERN,MIDWEST,OPEN,,,"5/9/2021, 11:09 AM",QQWFR0,-11033909.0019,6078265.994499996
CENTRAL (J),MN-ND,ROBINSON,116 1ST AVE E,ROBINSON,ND,58478,CENTRAL,MIDWEST,WESTERN,MIDWEST,OPEN,,,"2/24/2023, 11:11 PM",QQWFR0,-11107499.423,5965418.968800001
CENTRAL (J),MN-ND,STARKWEATHER,300 MAIN ST,STARKWEATHER,ND,58377,CENTRAL,MIDWEST,WESTERN,MIDWEST,OPEN,,,"12/19/2022, 10:27 AM",QQWFR0,-11007104.3817,6182317.376199998
CENTRAL (J),MN-ND,SHERWOOD,144 MAIN ST,SHERWOOD,ND,58782,CENTRAL,MIDWEST,WESTERN,MIDWEST,OPEN,,,"5/9/2021, 11:09 AM",QQWFR0,-11313743.8265,6268036.0945999995
CENTRAL (J),MN-ND,STANLEY,902 JARARD ST SE,STANLEY,ND,58784,CENTRAL,MIDWEST,WESTERN,MIDWEST,OPEN,,,"5/9/2021, 11:10 AM",QQWFR0,-11396869.5412,6158238.836400002
CENTRAL (J),IA-NE-SD,ZEELAND,108 S MAIN,ZEELAND,ND,58581,CENTRAL,MIDWEST,WESTERN,MIDWEST,OPEN,,,"12/28/2022, 9:00 AM",QQWFR0,-11113106.4744,5775934.611199997
CENTRAL (J),MN-ND,ZAP,113 MAIN ST,ZAP,ND,58580,CENTRAL,MIDWEST,WESTERN,MIDWEST,OPEN,,,"12/28/2022, 9:49 AM",QQWFR0,-11346145.5907,5989061.507100001
CENTRAL (J),MN-ND,WYNDMERE,455 4TH ST,WYNDMERE,ND,58081,CENTRAL,MIDWEST,WESTERN,MIDWEST,OPEN,,,"12/15/2022, 1:55 AM",QQWFR0,-10812506.4459,5823050.997299999
CENTRAL (J),MN-ND,WALHALLA,408 10TH ST,WALHALLA,ND,58282,CENTRAL,MIDWEST,WESTERN,MIDWEST,OPEN,,,"5/9/2021, 11:10 AM",QQWFR0,-10899950.6889,6261800.0911
CENTRAL (J),MN-ND,UNDERWOOD,301 1ST ST,UNDERWOOD,ND,58576,CENTRAL,MIDWEST,WESTERN,MIDWEST,OPEN,,,"5/9/2021, 11:10 AM",QQWFR0,-11258633.8881,6016973.2861
CENTRAL (J),MN-ND,WOLFORD,201 3RD AVE N,WOLFORD,ND,58385,CENTRAL,MIDWEST,WESTERN,MIDWEST,OPEN,,,"5/9/2021, 11:11 AM",QQWFR0,-11099075.0979,6189179.878600001
CENTRAL (J),MN-ND,WOODWORTH,120 MAIN ST N,WOODWORTH,ND,58496,CENTRAL,MIDWEST,WESTERN,MIDWEST,OPEN,,,"12/19/2022, 10:27 AM",QQWFR0,-11054544.6299,5965362.0141
CENTRAL (J),MN-ND,WILDROSE,507 MAIN ST,WILDROSE,ND,58795,CENTRAL,MIDWEST,WESTERN,MIDWEST,OPEN,,,"12/28/2022, 9:49 AM",QQWFR0,-11486442.4355,6212701.675399996
CENTRAL (J),MN-ND,TRENTON,331 4TH AVE E RM 18,TRENTON,ND,58853,CENTRAL,MIDWEST,WESTERN,MIDWEST,OPEN,,,"12/19/2022, 10:27 AM",QQWFR0,-11558409.9297,6119209.126500003
CENTRAL (J),MN-ND,WALCOTT,472 MAIN AVE,WALCOTT,ND,58077,CENTRAL,MIDWEST,WESTERN,MIDWEST,OPEN,,,"12/15/2022, 1:55 AM",QQWFR0,-10791048.1669,5868678.734499998
CENTRAL (J),MN-ND,WESTHOPE,180 MAIN ST,WESTHOPE,ND,58793,CENTRAL,MIDWEST,WESTERN,MIDWEST,OPEN,,,"5/9/2021, 11:10 AM",QQWFR0,-11245567.7629,6259610.826499999
CENTRAL (J),MN-ND,TOLLEY,209 MAIN ST,TOLLEY,ND,58787,CENTRAL,MIDWEST,WESTERN,MIDWEST,OPEN,,,"12/28/2022, 9:49 AM",QQWFR0,-11335417.0635,6229495.8103
CENTRAL (J),MN-ND,WASHBURN,721 MAIN AVE,WASHBURN,ND,58577,CENTRAL,MIDWEST,WESTERN,MIDWEST,OPEN,,,"12/19/2022, 10:27 AM",QQWFR0,-11246391.9724,5989271.241400003
CENTRAL (J),MN-ND,CPU MARKETPLACE FOODS #5,1600 2ND AVE SW STE 1,MINOT,ND,58701,CENTRAL,MIDWEST,WESTERN,MIDWEST,OPEN,,,"5/9/2021, 11:11 AM",QQWFR0,-11278818.7835,6145882.2880000025
CENTRAL (J),MN-ND,TURTLE LAKE,113 MAIN ST,TURTLE LAKE,ND,58575,CENTRAL,MIDWEST,WESTERN,MIDWEST,OPEN,,,"11/16/2022, 7:58 PM",QQWFR0,-11230988.1379,6027595.5336000025
CENTRAL (J),MN-ND,YPSILANTI,218 1ST ST,YPSILANTI,ND,58497,CENTRAL,MIDWEST,WESTERN,MIDWEST,OPEN,,,"2/24/2023, 11:11 PM",QQWFR0,-10972079.3737,5906720.434299998
CENTRAL (J),MN-ND,SURREY,116 PLEASANT AVE N,SURREY,ND,58785,CENTRAL,MIDWEST,WESTERN,MIDWEST,OPEN,,,"11/16/2022, 7:58 PM",QQWFR0,-11258160.1124,6146868.710600004
CENTRAL (J),MN-ND,WATFORD CITY,1204 4TH AVE NE,WATFORD CITY,ND,58854,CENTRAL,MIDWEST,WESTERN,MIDWEST,OPEN,,,"5/9/2021, 11:10 AM",QQWFR0,-11495019.9363,6074573.8244
CENTRAL (J),MN-ND,WISHEK,14 N 5TH ST,WISHEK,ND,58495,CENTRAL,MIDWEST,WESTERN,MIDWEST,OPEN,,,"5/9/2021, 11:11 AM",QQWFR0,-11082917.4077,5822081.351599999
CENTRAL (J),MN-ND,TUTTLE,208 N MAIN ST,TUTTLE,ND,58488,CENTRAL,MIDWEST,WESTERN,MIDWEST,OPEN,,,"2/24/2023, 11:11 PM",QQWFR0,-11131309.7715,5965480.179200001
CENTRAL (J),MN-ND,ZAHL,207 MAIN ST OFC,ZAHL,ND,58856,CENTRAL,MIDWEST,WESTERN,MIDWEST,OPEN,,,"5/9/2021, 11:11 AM",QQWFR0,-11542972.1428,6202817.354099996
CENTRAL (J),MN-ND,TROLLWOOD,3105 BROADWAY N STE 44,FARGO,ND,58102,CENTRAL,MIDWEST,WESTERN,MIDWEST,OPEN,,,"5/9/2021, 11:10 AM",QQWFR0,-10774098.5499,5928687.943899997
CENTRAL (J),MN-ND,SYKESTON,34 MAIN AVE N,SYKESTON,ND,58486,CENTRAL,MIDWEST,WESTERN,MIDWEST,OPEN,,,"12/19/2022, 10:27 AM",QQWFR0,-11065089.9252,6018242.578000002
CENTRAL (J),MN-ND,WIMBLEDON,118 3RD AVE,WIMBLEDON,ND,58492,CENTRAL,MIDWEST,WESTERN,MIDWEST,OPEN,,,"5/9/2021, 11:11 AM",QQWFR0,-10960554.2442,5969844.245300002
CENTRAL (J),MN-ND,MINOT AFB,220 PEACEKEEPER PL,MINOT AFB,ND,58704,CENTRAL,MIDWEST,WESTERN,MIDWEST,OPEN,,,"5/9/2021, 11:11 AM",QQWFR0,-11279813.0892,6176707.196800001
CENTRAL (J),MN-ND,CPU DANS SUPER 3125,3101 N 11TH ST STE 1,BISMARCK,ND,58503,CENTRAL,MIDWEST,WESTERN,MIDWEST,OPEN,,,"5/9/2021, 11:13 AM",QQWFR0,-11218180.8304,5915989.017999999
CENTRAL (J),MN-ND,MARMARTH,75 1ST ST W,MARMARTH,ND,58643,CENTRAL,MIDWEST,WESTERN,MIDWEST,OPEN,,,"5/9/2021, 11:11 AM",QQWFR0,-11568741.1577,5827731.011200003
CENTRAL (J),MN-ND,BISMARCK,403 AIRPORT RD,BISMARCK,ND,58504,CENTRAL,MIDWEST,WESTERN,MIDWEST,OPEN,,,"12/19/2022, 10:27 AM",QQWFR0,-11216735.7017,5909762.939000003
CENTRAL (J),MN-ND,CANNON BALL,440 HORSESHOE RD,CANNON BALL,ND,58528,CENTRAL,MIDWEST,WESTERN,MIDWEST,OPEN,,,"5/9/2021, 11:11 AM",QQWFR0,-11198553.4231,5842914.3320999965
CENTRAL (J),MN-ND,CPU HORNBACHERS #2693,4101 13TH AVE S STE R,FARGO,ND,58103,CENTRAL,MIDWEST,WESTERN,MIDWEST,OPEN,,,"5/9/2021, 11:11 AM",QQWFR0,-10781242.8122,5919551.440700002
CENTRAL (J),MN-ND,CPU HORNBACHERS #2692,1433 UNIVERSITY DR S,FARGO,ND,58103,CENTRAL,MIDWEST,WESTERN,MIDWEST,OPEN,,,"5/9/2021, 11:11 AM",QQWFR0,-10775559.7296,5919077.854000002
CENTRAL (J),MN-ND,WEST FARGO,415 MAIN AVE E,WEST FARGO,ND,58078,CENTRAL,MIDWEST,WESTERN,MIDWEST,OPEN,,,"5/9/2021, 11:10 AM",QQWFR0,-10786019.6429,5921858.853799999
CENTRAL (J),MN-ND,WILLOW CITY,259 MAIN ST,WILLOW CITY,ND,58384,CENTRAL,MIDWEST,WESTERN,MIDWEST,OPEN,,,"5/9/2021, 11:11 AM",QQWFR0,-11164703.5037,6208046.283399999
CENTRAL (J),MN-ND,WILLISTON,120 E BROADWAY,WILLISTON,ND,58801,CENTRAL,MIDWEST,WESTERN,MIDWEST,OPEN,,,"11/21/2021, 11:09 AM",QQWFR0,-11534833.3521,6131218.367899999
CENTRAL (J),MN-ND,TOWER CITY,505 BROADWAY ST,TOWER CITY,ND,58071,CENTRAL,MIDWEST,WESTERN,MIDWEST,OPEN,,,"5/9/2021, 11:10 AM",QQWFR0,-10873162.7666,5929680.356799997
CENTRAL (J),MN-ND,CPU CASHWISE  WLSTN,300 11TH ST W,WILLISTON,ND,58801,CENTRAL,MIDWEST,WESTERN,MIDWEST,OPEN,,,"5/9/2021, 11:11 AM",QQWFR0,-11535789.5866,6132549.503700003
CENTRAL (J),MN-ND,CPU FAMILY FARE,3175 25TH ST S STE B,FARGO,ND,58103,CENTRAL,MIDWEST,WESTERN,MIDWEST,OPEN,,,"5/9/2021, 11:11 AM",QQWFR0,-10777954.4344,5914896.784699999
CENTRAL (J),MN-ND,ROGERS,111 2ND ST,ROGERS,ND,58479,CENTRAL,MIDWEST,WESTERN,MIDWEST,OPEN,,,"5/9/2021, 11:11 AM",QQWFR0,-10931763.6843,5953905.006099999
CENTRAL (J),MN-ND,BISMARCK,2220 E BISMARCK EXPY RM 212,BISMARCK,ND,58504,CENTRAL,MIDWEST,WESTERN,MIDWEST,OPEN,,,"12/19/2022, 10:27 AM",QQWFR0,-11216185.0946,5908732.260499999
CENTRAL (J),MN-ND,CPU CASHWISE BISMARCK,1144 E BISMARCK EXPY,BISMARCK,ND,58504,CENTRAL,MIDWEST,WESTERN,MIDWEST,OPEN,,,"5/9/2021, 11:11 AM",QQWFR0,-11218130.2914,5908669.820900001
CENTRAL (J),MN-ND,CPU CASHWISE FARGO,1401 33RD ST S STE B,FARGO,ND,58103,CENTRAL,MIDWEST,WESTERN,MIDWEST,OPEN,,,"5/9/2021, 11:11 AM",QQWFR0,-10779470.6059,5919126.367299996
CENTRAL (J),MN-ND,CPU HORNBACHERS #2685,2510 BROADWAY N,FARGO,ND,58102,CENTRAL,MIDWEST,WESTERN,MIDWEST,OPEN,,,"5/9/2021, 11:11 AM",QQWFR0,-10774322.5247,5927406.726300001
CENTRAL (J),MN-ND,CPU HORNBACHERS #2687,1532 32ND AVE S STE 3,FARGO,ND,58103,CENTRAL,MIDWEST,WESTERN,MIDWEST,OPEN,,,"5/9/2021, 11:11 AM",QQWFR0,-10776078.701,5914793.1338
CENTRAL (J),MN-ND,CPU MARKETPLACE FOOD & DRUG,2211 16TH ST NW,MINOT,ND,58703,CENTRAL,MIDWEST,WESTERN,MIDWEST,OPEN,,,"5/9/2021, 11:15 AM",QQWFR0,-11278941.6802,6149857.420400001
CENTRAL (J),MN-ND,CPU DANS SUPER 3126,835 S WASHINGTON ST STE 1,BISMARCK,ND,58504,CENTRAL,MIDWEST,WESTERN,MIDWEST,OPEN,,,"5/9/2021, 11:13 AM",QQWFR0,-11220386.9601,5908970.640699998
CENTRAL (J),MN-ND,CPU HORNBACHERS #2689,4151 45TH ST S STE A,FARGO,ND,58104,CENTRAL,MIDWEST,WESTERN,MIDWEST,OPEN,,,"5/9/2021, 11:13 AM",QQWFR0,-10782586.4385,5912358.259999998
CENTRAL (J),MN-ND,GRAND FORKS,2501 28TH AVE S,GRAND FORKS,ND,58201,CENTRAL,MIDWEST,WESTERN,MIDWEST,OPEN,,,"6/6/2021, 11:10 AM",QQWFR0,-10805153.2369,6088819.0945999995
CENTRAL (J),MN-ND,CPU DANS SUPER 3127,3103 YORKTOWN DR,BISMARCK,ND,58503,CENTRAL,MIDWEST,WESTERN,MIDWEST,OPEN,,,"5/9/2021, 11:16 AM",QQWFR0,-11212923.6562,5916017.009099998
CENTRAL (J),MN-ND,CPU NORTH DAKOTA STATE UNIV,1401 ADMINISTRATION AVE N,FARGO,ND,58105,CENTRAL,MIDWEST,WESTERN,MIDWEST,OPEN,,,"5/9/2021, 11:14 AM",QQWFR0,-10775837.583,5924455.361100003
CENTRAL (J),MN-ND,JAMESTOWN,212 2ND ST SW,JAMESTOWN,ND,58401,CENTRAL,MIDWEST,WESTERN,MIDWEST,OPEN,,,"5/9/2021, 11:16 AM",QQWFR0,-10988455.0274,5927068.119999997
CENTRAL (J),MN-ND,VPO KEENE,209 MAIN ST,KEENE,ND,58847,CENTRAL,MIDWEST,WESTERN,MIDWEST,OPEN,,,"5/9/2021, 11:16 AM",QQWFR0,-11459390.1295,6095032.807400003
CENTRAL (J),MN-ND,CPU MARKET PLACE FOODS #1,1930 S BROADWAY,MINOT,ND,58701,CENTRAL,MIDWEST,WESTERN,MIDWEST,OPEN,,,"5/9/2021, 11:15 AM",QQWFR0,-11276225.9299,6142199.334100001
CENTRAL (J),MN-ND,CPU UNIVERSITY OF ND,775 HAMLINE ST,GRAND FORKS,ND,58203,CENTRAL,MIDWEST,WESTERN,MIDWEST,OPEN,,,"5/9/2021, 11:13 AM",QQWFR0,-10805789.2052,6094619.306100003
CENTRAL (J),MN-ND,MINOT,117 5TH AVE SW,MINOT,ND,58701,CENTRAL,MIDWEST,WESTERN,MIDWEST,OPEN,,,"6/20/2021, 11:15 AM",QQWFR0,-11276126.2989,6145408.504600003
CENTRAL (J),MN-ND,CPU CASHWISE #3042,113 6TH AVE SE STE 5100,WATFORD CITY,ND,58854,CENTRAL,MIDWEST,WESTERN,MIDWEST,OPEN,,,"5/9/2021, 11:15 AM",QQWFR0,-11496808.8405,6073207.2346
CENTRAL (J),MN-ND,BADLANDS POSTAL STORE,4315 9TH AVE W UNIT 411,WILLISTON,ND,58801,CENTRAL,MIDWEST,WESTERN,MIDWEST,OPEN,,,"5/9/2021, 11:16 AM",QQWFR0,-11536829.6446,6137653.886500001
CENTRAL (J),MN-ND,CPU CASHWISE 3045,755 33RD AVE E,WEST FARGO,ND,58078,CENTRAL,MIDWEST,WESTERN,MIDWEST,OPEN,,,"5/9/2021, 11:16 AM",QQWFR0,-10785244.08,5914619.679899998
CENTRAL (J),MN-ND,MCGREGOR,18 N MADISON ST,MCGREGOR,ND,58755,CENTRAL,MIDWEST,WESTERN,MIDWEST,OPEN,,,"12/28/2022, 9:49 AM",QQWFR0,-11457748.3896,6206538.534199998
CENTRAL (J),MN-ND,MCLEOD,10 MAIN AVE,MCLEOD,ND,58057,CENTRAL,MIDWEST,WESTERN,MIDWEST,CLOSED,Other,,"9/15/2023, 11:08 AM",QQWFR0,-10831273.9102,5843678.381700002
CENTRAL (J),MN-ND,WILLISTON,120 E BROADWAY,WILLISTON,ND,58801,CENTRAL,MIDWEST,WESTERN,MIDWEST,OPEN,,,"11/21/2021, 11:14 AM",QQWFR0,-11534834.4653,6131226.2092999965
CENTRAL (J),MN-ND,CPU DANS SUPER 3128,1190 W TURNPIKE AVE,BISMARCK,ND,58501,CENTRAL,MIDWEST,WESTERN,MIDWEST,OPEN,,,"5/9/2021, 11:16 AM",QQWFR0,-11222431.4539,5913789.394299999
CENTRAL (J),MN-ND,DICKINSON,15 1ST ST E,DICKINSON,ND,58601,CENTRAL,MIDWEST,WESTERN,MIDWEST,OPEN,,,"5/9/2021, 11:06 AM",QQWFR0,-11441967.8499,5922506.035400003
CENTRAL (J),MN-ND,MENOKEN,12 FRONT AVE E,MENOKEN,ND,58558,CENTRAL,MIDWEST,WESTERN,MIDWEST,OPEN,,,"5/9/2021, 11:08 AM",QQWFR0,-11191119.6188,5912615.121299997
CENTRAL (J),MN-ND,COURTENAY,98 1ST AVE N,COURTENAY,ND,58426,CENTRAL,MIDWEST,WESTERN,MIDWEST,CLOSED,Other,,"9/15/2023, 11:05 AM",QQWFR0,-10972299.5637,5978450.775799997
CENTRAL (J),MN-ND,DEVILS LAKE,502 3RD ST NE,DEVILS LAKE,ND,58301,CENTRAL,MIDWEST,WESTERN,MIDWEST,OPEN,,,"12/16/2022, 9:39 AM",QQWFR0,-11004856.5072,6125228.9821000025
CENTRAL (J),MN-ND,BEULAH,111 E MAIN ST,BEULAH,ND,58523,CENTRAL,MIDWEST,WESTERN,MIDWEST,OPEN,,,"11/16/2022, 7:58 PM",QQWFR0,-11329789.5293,5985156.419500001
CENTRAL (J),MN-ND,THOMPSON,205 3RD ST,THOMPSON,ND,58278,CENTRAL,MIDWEST,WESTERN,MIDWEST,OPEN,,,"5/9/2021, 11:10 AM",QQWFR0,-10810140.1275,6069637.490800001
CENTRAL (J),MN-ND,JAMESTOWN,212 2ND ST SW,JAMESTOWN,ND,58401,CENTRAL,MIDWEST,WESTERN,MIDWEST,OPEN,,,"5/9/2021, 11:07 AM",QQWFR0,-10988457.1425,5927062.254000001
CENTRAL (J),MN-ND,FORT RANSOM,102 E MAIN ST,FORT RANSOM,ND,58033,CENTRAL,MIDWEST,WESTERN,MIDWEST,OPEN,,,"12/15/2022, 1:55 AM",QQWFR0,-10901198.803,5864124.779299997
CENTRAL (J),MN-ND,OAKES,611 MAIN AVE,OAKES,ND,58474,CENTRAL,MIDWEST,WESTERN,MIDWEST,OPEN,,,"2/24/2023, 11:11 PM",QQWFR0,-10919473.9012,5802666.735600002
CENTRAL (J),MN-ND,GRAND FORKS,2501 28TH AVE S,GRAND FORKS,ND,58201,CENTRAL,MIDWEST,WESTERN,MIDWEST,OPEN,,,"6/6/2021, 11:05 AM",QQWFR0,-10805150.454,6088820.422799997
CENTRAL (J),MN-ND,VELVA,105 MAIN ST N,VELVA,ND,58790,CENTRAL,MIDWEST,WESTERN,MIDWEST,OPEN,,,"5/9/2021, 11:10 AM",QQWFR0,-11235427.7818,6116463.263400003
CENTRAL (J),MN-ND,MOTT,123 BROWN AVE,MOTT,ND,58646,CENTRAL,MIDWEST,WESTERN,MIDWEST,OPEN,,,"5/9/2021, 11:08 AM",QQWFR0,-11390950.6839,5840180.823299997
CENTRAL (J),MN-ND,MOUNTAIN,324 MAIN AVE,MOUNTAIN,ND,58262,CENTRAL,MIDWEST,WESTERN,MIDWEST,OPEN,,,"5/9/2021, 11:08 AM",QQWFR0,-10894299.221,6221564.0022
CENTRAL (J),MN-ND,WING,208 MAIN ST,WING,ND,58494,CENTRAL,MIDWEST,WESTERN,MIDWEST,OPEN,,,"5/9/2021, 11:11 AM",QQWFR0,-11163109.2972,5965140.745300002
CENTRAL (J),MN-ND,OBERON,110 MAIN AVE E,OBERON,ND,58357,CENTRAL,MIDWEST,WESTERN,MIDWEST,OPEN,,,"12/19/2022, 10:27 AM",QQWFR0,-11043300.5821,6094011.7993
CENTRAL (J),MN-ND,TAYLOR,111 W MAIN ST,TAYLOR,ND,58656,CENTRAL,MIDWEST,WESTERN,MIDWEST,OPEN,,,"5/9/2021, 11:10 AM",QQWFR0,-11401807.7852,5925909.168799996
CENTRAL (J),MN-ND,VPO NEW TOWN,712 1ST ST N,NEW TOWN,ND,58763,CENTRAL,MIDWEST,WESTERN,MIDWEST,OPEN,,,"5/9/2021, 11:16 AM",QQWFR0,-11407344.3714,6103625.1455999985
CENTRAL (J),MN-ND,CPU DANS SUPER MARKET,500 BURLINGTON ST SE STE 1,MANDAN,ND,58554,CENTRAL,MIDWEST,WESTERN,MIDWEST,OPEN,,,"5/9/2021, 11:13 AM",QQWFR0,-11230157.5831,5913440.252099998
CENTRAL (J),MN-ND,DEVILS LAKE,502 3RD ST NE,DEVILS LAKE,ND,58301,CENTRAL,MIDWEST,WESTERN,MIDWEST,OPEN,,,"12/16/2022, 9:39 AM",QQWFR0,-11004861.1827,6125223.1467999965
CENTRAL (J),MN-ND,HALLIDAY,113 E MAIN ST,HALLIDAY,ND,58636,CENTRAL,MIDWEST,WESTERN,MIDWEST,OPEN,,,"12/28/2022, 9:49 AM",QQWFR0,-11391968.3667,6000155.000600003
CENTRAL (J),MN-ND,HAMPDEN,213 MAIN ST W,HAMPDEN,ND,58338,CENTRAL,MIDWEST,WESTERN,MIDWEST,OPEN,,,"12/15/2022, 1:55 AM",QQWFR0,-10982235.8301,6197246.452600002
CENTRAL (J),MN-ND,ARVILLA,303 HUGHES AVE,ARVILLA,ND,58214,CENTRAL,MIDWEST,WESTERN,MIDWEST,OPEN,,,"5/9/2021, 11:04 AM",QQWFR0,-10853608.4962,6093475.926600002
CENTRAL (J),MN-ND,LIDGERWOOD,34 WILEY AVE S,LIDGERWOOD,ND,58053,CENTRAL,MIDWEST,WESTERN,MIDWEST,OPEN,,,"5/9/2021, 11:07 AM",QQWFR0,-10814944.4541,5792373.291000001
CENTRAL (J),MN-ND,MAYVILLE,37 1ST AVE NE,MAYVILLE,ND,58257,CENTRAL,MIDWEST,WESTERN,MIDWEST,OPEN,,,"5/9/2021, 11:08 AM",QQWFR0,-10834217.6428,6024234.752499998
CENTRAL (J),MN-ND,EDMORE,315 S MAIN ST,EDMORE,ND,58330,CENTRAL,MIDWEST,WESTERN,MIDWEST,OPEN,,,"12/15/2022, 1:55 AM",QQWFR0,-10959910.7062,6175437.252099998
CENTRAL (J),MN-ND,ANETA,207 MAIN AVE,ANETA,ND,58212,CENTRAL,MIDWEST,WESTERN,MIDWEST,OPEN,,,"5/9/2021, 11:04 AM",QQWFR0,-10907914.9306,6053727.1677
CENTRAL (J),MN-ND,BOTTINEAU,522 THOMPSON ST,BOTTINEAU,ND,58318,CENTRAL,MIDWEST,WESTERN,MIDWEST,OPEN,,,"5/9/2021, 11:05 AM",QQWFR0,-11181448.5154,6245466.929799996
CENTRAL (J),IA-NE-SD,SELFRIDGE,70 S MAIN ST,SELFRIDGE,ND,58568,CENTRAL,MIDWEST,WESTERN,MIDWEST,OPEN,,,"12/28/2022, 9:00 AM",QQWFR0,-11234793.372,5786959.461599998
CENTRAL (J),MN-ND,MEDINA,102 2ND AVE SW,MEDINA,ND,58467,CENTRAL,MIDWEST,WESTERN,MIDWEST,OPEN,,,"12/19/2022, 10:27 AM",QQWFR0,-11054161.3569,5924695.473499998
CENTRAL (J),MN-ND,TOKIO,413 3RD AVE,TOKIO,ND,58379,CENTRAL,MIDWEST,WESTERN,MIDWEST,OPEN,,,"5/9/2021, 11:10 AM",QQWFR0,-11000382.1316,6094372.111900002
CENTRAL (J),MN-ND,TOLNA,105 MAIN ST N,TOLNA,ND,58380,CENTRAL,MIDWEST,WESTERN,MIDWEST,OPEN,,,"5/9/2021, 11:10 AM",QQWFR0,-10958317.613,6078039.8301
CENTRAL (J),MN-ND,TOWNER,205 MAIN ST S,TOWNER,ND,58788,CENTRAL,MIDWEST,WESTERN,MIDWEST,OPEN,,,"5/9/2021, 11:10 AM",QQWFR0,-11177013.6582,6164510.661700003
CENTRAL (J),MN-ND,VALLEY CITY,149 3RD ST NE,VALLEY CITY,ND,58072,CENTRAL,MIDWEST,WESTERN,MIDWEST,OPEN,,,"5/9/2021, 11:10 AM",QQWFR0,-10909535.2971,5929924.524899997
CENTRAL (J),MN-ND,SHELDON,216 FRONT ST,SHELDON,ND,58068,CENTRAL,MIDWEST,WESTERN,MIDWEST,OPEN,,,"2/24/2023, 11:11 PM",QQWFR0,-10852723.1723,5875278.568400003
CENTRAL (J),MN-ND,WAHPETON,926 2ND AVE N,WAHPETON,ND,58075,CENTRAL,MIDWEST,WESTERN,MIDWEST,OPEN,,,"5/9/2021, 11:10 AM",QQWFR0,-10755004.2516,5823004.782899998
CENTRAL (J),MN-ND,SOURIS,105 MAIN ST,SOURIS,ND,58783,CENTRAL,MIDWEST,WESTERN,MIDWEST,OPEN,,,"12/19/2022, 10:27 AM",QQWFR0,-11207865.5211,6259619.464599997
CENTRAL (J),MN-ND,PORTAL,15 W RAILWAY AVE,PORTAL,ND,58772,CENTRAL,MIDWEST,WESTERN,MIDWEST,OPEN,,,"5/9/2021, 11:09 AM",QQWFR0,-11415676.19,6274274.3248
CENTRAL (J),MN-ND,ROSEGLEN,209 5TH ST,ROSEGLEN,ND,58775,CENTRAL,MIDWEST,WESTERN,MIDWEST,OPEN,,,"12/28/2022, 9:49 AM",QQWFR0,-11336435.4142,6065617.543200001
CENTRAL (J),MN-ND,RUTLAND,113 1ST ST,RUTLAND,ND,58067,CENTRAL,MIDWEST,WESTERN,MIDWEST,OPEN,,,"5/9/2021, 11:09 AM",QQWFR0,-10854634.4166,5788941.057700001
CENTRAL (J),MN-ND,RICHARDTON,111 B ST N,RICHARDTON,ND,58652,CENTRAL,MIDWEST,WESTERN,MIDWEST,OPEN,,,"5/9/2021, 11:09 AM",QQWFR0,-11389583.9032,5923198.869199999
CENTRAL (J),MN-ND,BOWDON,212 WARRINGTON AVE,BOWDON,ND,58418,CENTRAL,MIDWEST,WESTERN,MIDWEST,OPEN,,,"12/19/2022, 10:27 AM",QQWFR0,-11099373.5454,6019128.3440999985
CENTRAL (J),MN-ND,GRANDIN,301 3RD ST,GRANDIN,ND,58038,CENTRAL,MIDWEST,WESTERN,MIDWEST,OPEN,,,"2/24/2023, 11:11 PM",QQWFR0,-10798333.8049,5980778.102799997
CENTRAL (J),MN-ND,KATHRYN,307 1ST AVE,KATHRYN,ND,58049,CENTRAL,MIDWEST,WESTERN,MIDWEST,OPEN,,,"2/24/2023, 11:11 PM",QQWFR0,-10905934.2229,5890017.733800001
CENTRAL (J),MN-ND,LAMOURE,23 CENTER AVE E,LAMOURE,ND,58458,CENTRAL,MIDWEST,WESTERN,MIDWEST,OPEN,,,"5/9/2021, 11:07 AM",QQWFR0,-10942012.4246,5837888.1699
CENTRAL (J),MN-ND,BEACH,177 S CENTRAL AVE,BEACH,ND,58621,CENTRAL,MIDWEST,WESTERN,MIDWEST,OPEN,,,"5/9/2021, 11:04 AM",QQWFR0,-11577964.3115,5927928.349200003
CENTRAL (J),MN-ND,DAWSON,118 HIGHWAY 3 S,DAWSON,ND,58428,CENTRAL,MIDWEST,WESTERN,MIDWEST,OPEN,,,"2/24/2023, 11:11 PM",QQWFR0,-11104302.9951,5920529.138899997
CENTRAL (J),MN-ND,KULM,11 MAIN AVE S,KULM,ND,58456,CENTRAL,MIDWEST,WESTERN,MIDWEST,OPEN,,,"12/19/2022, 10:27 AM",QQWFR0,-11014984.6885,5828871.270900004
CENTRAL (J),MN-ND,BISBEE,206 MAIN ST,BISBEE,ND,58317,CENTRAL,MIDWEST,WESTERN,MIDWEST,OPEN,,,"5/9/2021, 11:04 AM",QQWFR0,-11062977.9719,6211910.385399997
CENTRAL (J),MN-ND,GOODRICH,204 CLARK AVE,GOODRICH,ND,58444,CENTRAL,MIDWEST,WESTERN,MIDWEST,OPEN,,,"12/19/2022, 10:27 AM",QQWFR0,-11145804.1258,6020037.587800004
CENTRAL (J),MN-ND,VPO EMERADO,100 A AVE STE A,EMERADO,ND,58228,CENTRAL,MIDWEST,WESTERN,MIDWEST,CLOSED,Other,,"9/15/2023, 11:16 AM",QQWFR0,-10837735.45,6095670.126800001
CENTRAL (J),MN-ND,MONTPELIER,106 4TH AVE,MONTPELIER,ND,58472,CENTRAL,MIDWEST,WESTERN,MIDWEST,OPEN,,,"12/19/2022, 10:27 AM",QQWFR0,-10974868.9289,5893283.917999998
CENTRAL (J),MN-ND,MANTADOR,102 MAIN ST,MANTADOR,ND,58058,CENTRAL,MIDWEST,WESTERN,MIDWEST,OPEN,,,"12/16/2022, 9:53 AM",QQWFR0,-10795455.8621,5806619.571999997
CENTRAL (J),MN-ND,NEW ENGLAND,826 MCKENZIE ST,NEW ENGLAND,ND,58647,CENTRAL,MIDWEST,WESTERN,MIDWEST,OPEN,,,"12/19/2022, 10:27 AM",QQWFR0,-11451082.2446,5867312.235399999
CENTRAL (J),MN-ND,WILTON,25 DAKOTA AVE,WILTON,ND,58579,CENTRAL,MIDWEST,WESTERN,MIDWEST,OPEN,,,"11/16/2022, 7:58 PM",QQWFR0,-11219049.0111,5967990.502099998
CENTRAL (J),MN-ND,LEEDS,150 MAIN ST W,LEEDS,ND,58346,CENTRAL,MIDWEST,WESTERN,MIDWEST,OPEN,,,"12/19/2022, 10:27 AM",QQWFR0,-11069875.7728,6155254.556100003
CENTRAL (J),MN-ND,GRAND FORKS AFB,590 HOLZAPPLE ST,GRAND FORKS AFB,ND,58204,CENTRAL,MIDWEST,WESTERN,MIDWEST,OPEN,,,"5/9/2021, 11:11 AM",QQWFR0,-10839879.4634,6098693.386
CENTRAL (J),MN-ND,HENSEL,109 E MAIN ST,HENSEL,ND,58241,CENTRAL,MIDWEST,WESTERN,MIDWEST,OPEN,,,"12/16/2022, 9:53 AM",QQWFR0,-10871991.463,6222141.865099996
CENTRAL (J),MN-ND,CPU MARKET PLACE FOODS #6,1620 S BROADWAY,MINOT,ND,58701,CENTRAL,MIDWEST,WESTERN,MIDWEST,OPEN,,,"5/9/2021, 11:11 AM",QQWFR0,-11276226.5978,6143056.688100003
CENTRAL (J),MN-ND,MAXBASS,115 MAIN ST,MAXBASS,ND,58760,CENTRAL,MIDWEST,WESTERN,MIDWEST,OPEN,,,"5/9/2021, 11:08 AM",QQWFR0,-11259053.5626,6227692.4987
CENTRAL (J),MN-ND,LOG FARGO,657 2ND AVE N RM 104,FARGO,ND,58102,CENTRAL,MIDWEST,WESTERN,MIDWEST,OPEN,,,"9/5/2021, 3:03 PM",QQWFR0,-10774634.3306,5922276.894400001
CENTRAL (J),MN-ND,LOG FARGO ASF,1907 4TH AVE NW UNIT 200,WEST FARGO,ND,58078,CENTRAL,MIDWEST,WESTERN,MIDWEST,OPEN,,,"6/18/2021, 10:03 AM",KZTZDS,-10790581.8496,5922740.882700004
CENTRAL (J),MN-ND,LOG GRAND FORKS,2501 28TH AVE S,GRAND FORKS,ND,58201,CENTRAL,MIDWEST,WESTERN,MIDWEST,OPEN,,,"9/5/2021, 3:03 PM",QQWFR0,-10805158.9142,6088827.0634
CENTRAL (J),MN-ND,FORMAN,333 MAIN ST S,FORMAN,ND,58032,CENTRAL,MIDWEST,WESTERN,MIDWEST,OPEN,,,"5/9/2021, 11:06 AM",QQWFR0,-10868868.0607,5797556.168700002
CENTRAL (J),MN-ND,HARVEY,708 ADAMS AVE,HARVEY,ND,58341,CENTRAL,MIDWEST,WESTERN,MIDWEST,OPEN,,,"5/9/2021, 11:07 AM",QQWFR0,-11124532.5296,6068766.734999999
CENTRAL (J),MN-ND,FARGO,657 2ND AVE N RM 104,FARGO,ND,58102,CENTRAL,MIDWEST,WESTERN,MIDWEST,OPEN,,,"6/6/2021, 11:10 AM",QQWFR0,-10774613.7365,5922264.680299997
CENTRAL (J),MN-ND,MINOT,117 5TH AVE SW,MINOT,ND,58701,CENTRAL,MIDWEST,WESTERN,MIDWEST,CLOSED,Other,,"9/15/2023, 11:12 AM",QQWFR0,-11276126.2989,6145408.504600003
CENTRAL (J),MN-ND,FARGO ASF,1907 4TH AVE NW UNIT 200,WEST FARGO,ND,58078,CENTRAL,MIDWEST,WESTERN,MIDWEST,OPEN,,,"6/18/2021, 10:03 AM",KZTZDS,-10790581.8496,5922740.882700004
CENTRAL (J),MN-ND,RIVERDALE,302 2ND ST,RIVERDALE,ND,58565,CENTRAL,MIDWEST,WESTERN,MIDWEST,OPEN,,,"12/19/2022, 10:27 AM",QQWFR0,-11284894.156,6023765.316200003
CENTRAL (J),MN-ND,MCVILLE,109 N MAIN ST,MCVILLE,ND,58254,CENTRAL,MIDWEST,WESTERN,MIDWEST,OPEN,,,"12/19/2022, 10:27 AM",QQWFR0,-10929007.525,6067852.511200003
CENTRAL (J),MN-ND,SANBORN,405 4TH ST,SANBORN,ND,58480,CENTRAL,MIDWEST,WESTERN,MIDWEST,OPEN,,,"2/24/2023, 11:11 PM",QQWFR0,-10934696.9529,5932729.199000001
CENTRAL (J),MN-ND,CENTER,115 S CENTER AVE,CENTER,ND,58530,CENTRAL,MIDWEST,WESTERN,MIDWEST,OPEN,,,"12/19/2022, 10:27 AM",QQWFR0,-11276592.2823,5960828.928000003
CENTRAL (J),MN-ND,CLIFFORD,100 GARFIELD AVE W,CLIFFORD,ND,58016,CENTRAL,MIDWEST,WESTERN,MIDWEST,OPEN,,,"5/9/2021, 11:05 AM",QQWFR0,-10843747.7044,5999122.151000001
CENTRAL (J),MN-ND,VOLTAIRE,9 MAIN ST,VOLTAIRE,ND,58792,CENTRAL,MIDWEST,WESTERN,MIDWEST,OPEN,,,"5/9/2021, 11:10 AM",QQWFR0,-11225849.0736,6110260.822999999
CENTRAL (J),MN-ND,EGELAND,123 MAIN ST,EGELAND,ND,58331,CENTRAL,MIDWEST,WESTERN,MIDWEST,OPEN,,,"5/9/2021, 11:06 AM",QQWFR0,-11031690.4045,6212087.737099998
CENTRAL (J),MN-ND,MOUNTAIN NEW,286 2ND AVE STE B,MOUNTAIN,ND,58262,CENTRAL,MIDWEST,WESTERN,MIDWEST,OPEN,,,"8/22/2021, 2:26 PM",QQWFR0,-10894467.7587,6221711.035700001
WESTPAC (E),ID-MT-OR,CARTWRIGHT NEW,15619 HIGHWAY 200,CARTWRIGHT,ND,58838,WESTPAC,PACIFIC NORTHWEST,WESTERN,PACIFIC NORTHWEST,OPEN,,,"12/19/2021, 11:17 AM",QQWFR0,-11569372.6732,6083804.400899999
CENTRAL (J),MN-ND,LOG BISMARCK,2220 E BISMARCK EXPY RM 212,BISMARCK,ND,58504,CENTRAL,MIDWEST,WESTERN,MIDWEST,OPEN,,,"9/5/2021, 3:03 PM",QQWFR0,-11216185.0946,5908732.260499999
